,P,Q,ET,SUB,SWE,RF,RFX,TOTwater_balQ,TOTmissing_fracQ,SMwater_bal,HFwater_balQ,HFmissing_fracQ,RFXwater_bal
2012,0.47261996698383907,0.2219330535006341,0.15749275557413403,0.008537440751578187,0.009289510673226382,0.4149337905528436,0.2574410349787095,0.07536720648426637,0.1594668269418323,0.039859225006190935,0.03550798147807541,0.13792665757815933,5.551115123125783e-17
2013,0.3980714594418427,0.23118018435430734,0.12564562181617225,0.009501002529349666,0.009560417030349006,0.35381138278200125,0.228165760965829,0.022184233711664447,0.05572927469547842,0.02519865710014274,-0.003014423388478349,-0.013211550127934405,0.0
2014,0.46987098191196164,0.25190648587149206,0.16857371601850604,0.00770849422217184,0.0062423361618199474,0.429047136591967,0.26047342057346096,0.0354399496379717,0.07542485278354981,0.026873014936002804,0.008566934701968898,0.03288986140354684,0.0
2015,0.44399651417356867,0.23104634777268443,0.14337232452193874,0.009175091928044608,0.02084162238913558,0.38553098630466975,0.24215157676965915,0.03956112756176533,0.08910233819155607,0.028448813551718743,0.01110522899697472,0.045860651188483904,7.085013071894686e-06
2016,0.49380415606866795,0.28036189640974046,0.1775787676328263,0.007510113856160064,0.017666533211389408,0.46598130973551644,0.28839545708961833,0.010686844958551767,0.021641869205057205,0.002646199265602056,0.008033560679877871,0.0278560583476232,7.0850130717836635e-06
2017,0.4222526090560637,0.2216444672107012,0.16054639620810102,0.006638657248322623,0.0057480567057179195,0.3863103377425731,0.22576394153447213,0.02767503168322094,0.06554141073299194,0.02355555735945003,0.004119474323770939,0.01824682141785663,-5.551115123125783e-17
2018,0.4771472903367507,0.2629522384849408,0.16140368278979475,0.008126509993410937,0.01581896408270153,0.43312101910828027,0.27171025130541365,0.028845894985902676,0.06045490683923709,0.020080797152357943,0.008758012820472838,0.03223291273846148,7.085013071894686e-06
