,P,Q,ET,SUB,SWE,RF,RFX,TOTwater_balQ,TOTmissing_fracQ,SMwater_bal,HFwater_balQ,HFmissing_fracQ,RFXwater_bal
2012,0.7850209561532793,0.566393161385409,0.17040691783345616,0.007536155121591746,0.023729316932985037,0.7469429347826086,0.5765360169491526,0.016955404879837266,0.021598665292862116,0.006812549316093874,0.010142855563743614,0.01759275269117863,-1.1102230246251565e-16
2013,0.6255008750921149,0.4940630685335298,0.16321619380987473,0.009706613854089904,0.017818398808608794,0.6110330692704495,0.44781111827560793,-0.05930339991398825,-0.09480945954752643,-0.013057206841033286,-0.04625195025792189,-0.10328450628029262,5.757184966870277e-06
2014,0.83426215917465,0.6284460427413412,0.1969705692704495,0.007000736919675755,0.030201287798963,0.8210033621960207,0.6240327929255711,-0.028356477555779525,-0.03398988824308306,-0.023943227740009454,-0.004413249815770071,-0.0070721440696730215,0.0
2015,0.6381494104642594,0.5118324775239499,0.15615212785556373,0.006966193809874724,0.024250082636851453,0.6101176768607222,0.4539597918201916,-0.061051471361980414,-0.09566955694210376,-0.00318454284318892,-0.05787268570375831,-0.12748416654195893,5.757184966870277e-06
2016,0.730235584008843,0.567054997789241,0.16406825718496684,0.005475082903463523,0.04723801856829084,0.7231542464996316,0.5590802321296978,-0.05360077243711914,-0.07340202752495562,-0.04563176396254287,-0.007974765659543137,-0.014264080897950827,5.757184966870277e-06
2017,0.6599461127487104,0.5134326190125277,0.17131655305821666,0.005308124539425202,0.014381737679671458,0.6600612564480471,0.4887447033898305,-0.0444929215411306,-0.0674190220710828,-0.01980500591843337,-0.024687915622697176,-0.05051290674142755,0.0
2018,0.823415622697126,0.6945203596168018,0.18069500736919675,0.00656319086219602,0.018481128360264124,0.8101568257184967,0.6294618183492999,-0.07684406351133277,-0.09332354329108722,-0.011785522243830893,-0.06505854126750188,-0.10335581821008832,0.0
