,P,Q,ET,SUB,SWE,RF,RFX,TOTwater_balQ,TOTmissing_fracQ,SMwater_bal,HFwater_balQ,HFmissing_fracQ,RFXwater_bal
2012,1.0017902319797607,0.5873459560053171,0.23865829081085715,0.008751054128610837,0.020903966421403006,0.953814873576033,0.715153009447851,0.14613096461357244,0.14586982379014127,0.018320337853713786,0.12780705344253385,0.1787128792776947,3.573317324923053e-06
2013,0.804317996655375,0.5818596824035561,0.2028858110715664,0.012742449580492546,0.013472378756537217,0.7743628775209753,0.571477066449409,-0.006642325156777318,-0.00825833213281108,0.0037402907973699273,-0.010382615954147134,-0.018168036066004187,-1.1102230246251565e-16
2014,0.954679616368652,0.6790240409359233,0.21335563083344053,0.006925088975601389,0.013737542066154526,0.9380851307119478,0.7247259265611823,0.041637313557532196,0.043613912818113255,-0.004068145385051736,0.04570188562525901,0.06306092268854521,3.573317324923053e-06
2015,0.969583922930692,0.6330282143418664,0.22637679916527306,0.009497877449509026,0.0352428680365551,0.9318175321241228,0.7054407329588497,0.06543816393748836,0.0674909746231075,-0.006974354679494921,0.07241251861698328,0.10264862125732581,0.0
2016,1.1137315438160171,0.7935781479925104,0.25703228849534754,0.006035332961708332,0.09006258900478563,1.1021647156354073,0.8451324271400598,-0.032976814638334906,-0.02960930290736428,-0.08453109378588408,0.0515542791475494,0.06100142118793124,0.0
2017,0.8260794991638437,0.5545561186341352,0.22782041936452124,0.006171119020053457,0.04429821885479055,0.8072552634964195,0.5794348441318983,-0.006766376709656741,-0.008190951011985718,-0.031645102207419784,0.024878725497763043,0.042936191617948045,0.0
2018,1.1021575690007575,0.7794191009533611,0.25401640867315584,0.007618312536626502,0.058908684355720005,1.0794276974972485,0.8254112888240928,0.00219506248189405,0.0019916049606991735,-0.04379712538883762,0.04599218787073167,0.055720328148472026,0.0
