,P,Q,ET,SUB,SWE,RF,RFX,RFdif,TOTwater_balQ,TOTmissing_fracQ,SMwater_bal,HFwater_balQ,HFmissing_fracQ,RFXwater_bal
2012,0.3699753046362391,0.227894950753479,0.11741563919532771,0.008030499675535367,0.014142271114656393,0.346978873747206,0.2295632345518783,0.11741563919532769,0.002491943897240667,0.006735433057324608,0.0008236600988413834,0.0016682837983993115,0.007267208103492291,-5.551115123125783e-17
2013,0.3926878289710866,0.2594206244141611,0.1255813324680943,0.010207116590958252,0.030874606229506527,0.3633102602927392,0.23772442137140384,0.12558583892133537,-0.033395850731633536,-0.08504427249282649,-0.011704154142117396,-0.02169620304275724,-0.09126619350925089,4.506453241071018e-06
2014,0.45205584396856296,0.30748907751099575,0.14315650010815487,0.010306258562261158,0.01805725647723254,0.45247945057322086,0.30932295046506597,0.1431565001081549,-0.02695324869008131,-0.059623714746082794,-0.028787121644151592,0.0018338729540702259,0.00592866759906759,5.551115123125783e-17
2015,0.3843914485543298,0.2755891037565794,0.10268404355036412,0.009368916288124595,0.03937733682920671,0.3484434710505444,0.24575942750018026,0.10268404355036415,-0.042627951869945,-0.11089724298047171,-0.012798275613545906,-0.02982967625639915,-0.12137754616301452,0.0
2016,0.3881678563703223,0.2814251063522965,0.12141736967337227,0.01027020693633283,0.026109910777577384,0.4018494484101233,0.28042757228351,0.12142187612661332,-0.05105473736925675,-0.13152747331182724,-0.050061709753711214,-0.0009975340687864986,-0.003557189689528816,4.506453241071018e-06
2017,0.3790242627442498,0.24936100021630975,0.12644206503713318,0.009278787223303771,0.013115096077413369,0.3638690604946283,0.23742248900425408,0.12644657149037422,-0.019172685809910273,-0.05058432320689513,-0.007238681051095652,-0.011938511212055664,-0.050283826364240294,4.506453241015507e-06
2018,0.4489689234984498,0.31128477727305504,0.1392494051481722,0.010702826447472781,0.012136368140332266,0.44322770206936335,0.3039737904679501,0.13925391160141326,-0.024404453510582458,-0.05435666531308758,-0.017097973158718582,-0.0073109868051049465,-0.024051372303678237,4.506453241071018e-06
